<Anims>
 <anim name="idle" root="aquarius" numframes="1000" framerate="40">
  <frame idx="0" w="175" h="175" x="1.000000" y="1.000000">
   <element name="symbol0" layername="aquarius" frame="0" z_index="2" m_a="1.000000" m_b="0.000000" m_c="0.000000" m_d="1.000000" m_tx="-79.000000" m_ty="-79.000000"/>
  </frame>
  <frame idx="25" w="175" h="175" x="1.000000" y="1.000000">
   <element name="symbol0" layername="aquarius" frame="0" z_index="2" m_a="1.000000" m_b="0.000000" m_c="0.000000" m_d="1.000000" m_tx="-79.000000" m_ty="-79.000000"/>
  </frame>
  <frame idx="50" w="175" h="175" x="1.000000" y="1.000000">
   <element name="symbol0" layername="aquarius" frame="0" z_index="2" m_a="1.000000" m_b="0.000000" m_c="0.000000" m_d="1.000000" m_tx="-79.000000" m_ty="-79.000000"/>
  </frame>
  <frame idx="75" w="175" h="175" x="1.000000" y="1.000000">
   <element name="symbol0" layername="aquarius" frame="0" z_index="2" m_a="1.000000" m_b="0.000000" m_c="0.000000" m_d="1.000000" m_tx="-79.000000" m_ty="-79.000000"/>
  </frame>
  <frame idx="100" w="175" h="175" x="1.000000" y="1.000000">
   <element name="symbol0" layername="aquarius" frame="0" z_index="2" m_a="1.000000" m_b="0.000000" m_c="0.000000" m_d="1.000000" m_tx="-79.000000" m_ty="-79.000000"/>
  </frame>
  <frame idx="125" w="175" h="175" x="1.000000" y="1.000000">
   <element name="symbol0" layername="aquarius" frame="0" z_index="2" m_a="1.000000" m_b="0.000000" m_c="0.000000" m_d="1.000000" m_tx="-79.000000" m_ty="-79.000000"/>
  </frame>
  <frame idx="150" w="175" h="175" x="1.000000" y="1.000000">
   <element name="symbol0" layername="aquarius" frame="0" z_index="2" m_a="1.000000" m_b="0.000000" m_c="0.000000" m_d="1.000000" m_tx="-79.000000" m_ty="-79.000000"/>
  </frame>
  <frame idx="175" w="175" h="175" x="1.000000" y="1.000000">
   <element name="symbol0" layername="aquarius" frame="0" z_index="2" m_a="1.000000" m_b="0.000000" m_c="0.000000" m_d="1.000000" m_tx="-79.000000" m_ty="-79.000000"/>
  </frame>
  <frame idx="200" w="175" h="175" x="1.000000" y="1.000000">
   <element name="symbol0" layername="aquarius" frame="0" z_index="2" m_a="1.000000" m_b="0.000000" m_c="0.000000" m_d="1.000000" m_tx="-79.000000" m_ty="-79.000000"/>
  </frame>
  <frame idx="225" w="175" h="175" x="1.000000" y="1.000000">
   <element name="symbol0" layername="aquarius" frame="0" z_index="2" m_a="1.000000" m_b="0.000000" m_c="0.000000" m_d="1.000000" m_tx="-79.000000" m_ty="-79.000000"/>
  </frame>
  <frame idx="250" w="175" h="175" x="1.000000" y="1.000000">
   <element name="symbol0" layername="aquarius" frame="0" z_index="2" m_a="1.000000" m_b="0.000000" m_c="0.000000" m_d="1.000000" m_tx="-79.000000" m_ty="-79.000000"/>
  </frame>
  <frame idx="275" w="175" h="175" x="1.000000" y="1.000000">
   <element name="symbol0" layername="aquarius" frame="0" z_index="2" m_a="1.000000" m_b="0.000000" m_c="0.000000" m_d="1.000000" m_tx="-79.000000" m_ty="-79.000000"/>
  </frame>
  <frame idx="300" w="175" h="175" x="1.000000" y="1.000000">
   <element name="symbol0" layername="aquarius" frame="0" z_index="2" m_a="1.000000" m_b="0.000000" m_c="0.000000" m_d="1.000000" m_tx="-79.000000" m_ty="-79.000000"/>
  </frame>
  <frame idx="325" w="175" h="175" x="1.000000" y="1.000000">
   <element name="symbol0" layername="aquarius" frame="0" z_index="2" m_a="1.000000" m_b="0.000000" m_c="0.000000" m_d="1.000000" m_tx="-79.000000" m_ty="-79.000000"/>
  </frame>
  <frame idx="350" w="175" h="175" x="1.000000" y="1.000000">
   <element name="symbol0" layername="aquarius" frame="0" z_index="2" m_a="1.000000" m_b="0.000000" m_c="0.000000" m_d="1.000000" m_tx="-79.000000" m_ty="-79.000000"/>
  </frame>
  <frame idx="375" w="175" h="175" x="1.000000" y="1.000000">
   <element name="symbol0" layername="aquarius" frame="0" z_index="2" m_a="1.000000" m_b="0.000000" m_c="0.000000" m_d="1.000000" m_tx="-79.000000" m_ty="-79.000000"/>
  </frame>
  <frame idx="400" w="175" h="175" x="1.000000" y="1.000000">
   <element name="symbol0" layername="aquarius" frame="0" z_index="2" m_a="1.000000" m_b="0.000000" m_c="0.000000" m_d="1.000000" m_tx="-79.000000" m_ty="-79.000000"/>
  </frame>
  <frame idx="425" w="175" h="175" x="1.000000" y="1.000000">
   <element name="symbol0" layername="aquarius" frame="0" z_index="2" m_a="1.000000" m_b="0.000000" m_c="0.000000" m_d="1.000000" m_tx="-79.000000" m_ty="-79.000000"/>
  </frame>
  <frame idx="450" w="175" h="175" x="1.000000" y="1.000000">
   <element name="symbol0" layername="aquarius" frame="0" z_index="2" m_a="1.000000" m_b="0.000000" m_c="0.000000" m_d="1.000000" m_tx="-79.000000" m_ty="-79.000000"/>
  </frame>
  <frame idx="475" w="175" h="175" x="1.000000" y="1.000000">
   <element name="symbol0" layername="aquarius" frame="0" z_index="2" m_a="1.000000" m_b="0.000000" m_c="0.000000" m_d="1.000000" m_tx="-79.000000" m_ty="-79.000000"/>
  </frame>
  <frame idx="500" w="175" h="175" x="1.000000" y="1.000000">
   <element name="symbol0" layername="aquarius" frame="0" z_index="2" m_a="1.000000" m_b="0.000000" m_c="0.000000" m_d="1.000000" m_tx="-79.000000" m_ty="-79.000000"/>
  </frame>
  <frame idx="525" w="175" h="175" x="1.000000" y="1.000000">
   <element name="symbol0" layername="aquarius" frame="0" z_index="2" m_a="1.000000" m_b="0.000000" m_c="0.000000" m_d="1.000000" m_tx="-79.000000" m_ty="-79.000000"/>
  </frame>
  <frame idx="550" w="175" h="175" x="1.000000" y="1.000000">
   <element name="symbol0" layername="aquarius" frame="0" z_index="2" m_a="1.000000" m_b="0.000000" m_c="0.000000" m_d="1.000000" m_tx="-79.000000" m_ty="-79.000000"/>
  </frame>
  <frame idx="575" w="175" h="175" x="1.000000" y="1.000000">
   <element name="symbol0" layername="aquarius" frame="0" z_index="2" m_a="1.000000" m_b="0.000000" m_c="0.000000" m_d="1.000000" m_tx="-79.000000" m_ty="-79.000000"/>
  </frame>
  <frame idx="600" w="175" h="175" x="1.000000" y="1.000000">
   <element name="symbol0" layername="aquarius" frame="0" z_index="2" m_a="1.000000" m_b="0.000000" m_c="0.000000" m_d="1.000000" m_tx="-79.000000" m_ty="-79.000000"/>
  </frame>
  <frame idx="625" w="175" h="175" x="1.000000" y="1.000000">
   <element name="symbol0" layername="aquarius" frame="0" z_index="2" m_a="1.000000" m_b="0.000000" m_c="0.000000" m_d="1.000000" m_tx="-79.000000" m_ty="-79.000000"/>
  </frame>
  <frame idx="650" w="175" h="175" x="1.000000" y="1.000000">
   <element name="symbol0" layername="aquarius" frame="0" z_index="2" m_a="1.000000" m_b="0.000000" m_c="0.000000" m_d="1.000000" m_tx="-79.000000" m_ty="-79.000000"/>
  </frame>
  <frame idx="675" w="175" h="175" x="1.000000" y="1.000000">
   <element name="symbol0" layername="aquarius" frame="0" z_index="2" m_a="1.000000" m_b="0.000000" m_c="0.000000" m_d="1.000000" m_tx="-79.000000" m_ty="-79.000000"/>
  </frame>
  <frame idx="700" w="175" h="175" x="1.000000" y="1.000000">
   <element name="symbol0" layername="aquarius" frame="0" z_index="2" m_a="1.000000" m_b="0.000000" m_c="0.000000" m_d="1.000000" m_tx="-79.000000" m_ty="-79.000000"/>
  </frame>
  <frame idx="725" w="175" h="175" x="1.000000" y="1.000000">
   <element name="symbol0" layername="aquarius" frame="0" z_index="2" m_a="1.000000" m_b="0.000000" m_c="0.000000" m_d="1.000000" m_tx="-79.000000" m_ty="-79.000000"/>
  </frame>
  <frame idx="750" w="175" h="175" x="1.000000" y="1.000000">
   <element name="symbol0" layername="aquarius" frame="0" z_index="2" m_a="1.000000" m_b="0.000000" m_c="0.000000" m_d="1.000000" m_tx="-79.000000" m_ty="-79.000000"/>
  </frame>
  <frame idx="775" w="175" h="175" x="1.000000" y="1.000000">
   <element name="symbol0" layername="aquarius" frame="0" z_index="2" m_a="1.000000" m_b="0.000000" m_c="0.000000" m_d="1.000000" m_tx="-79.000000" m_ty="-79.000000"/>
  </frame>
  <frame idx="800" w="175" h="175" x="1.000000" y="1.000000">
   <element name="symbol0" layername="aquarius" frame="0" z_index="2" m_a="1.000000" m_b="0.000000" m_c="0.000000" m_d="1.000000" m_tx="-79.000000" m_ty="-79.000000"/>
  </frame>
  <frame idx="825" w="175" h="175" x="1.000000" y="1.000000">
   <element name="symbol0" layername="aquarius" frame="0" z_index="2" m_a="1.000000" m_b="0.000000" m_c="0.000000" m_d="1.000000" m_tx="-79.000000" m_ty="-79.000000"/>
  </frame>
  <frame idx="850" w="175" h="175" x="1.000000" y="1.000000">
   <element name="symbol0" layername="aquarius" frame="0" z_index="2" m_a="1.000000" m_b="0.000000" m_c="0.000000" m_d="1.000000" m_tx="-79.000000" m_ty="-79.000000"/>
  </frame>
  <frame idx="875" w="175" h="175" x="1.000000" y="1.000000">
   <element name="symbol0" layername="aquarius" frame="0" z_index="2" m_a="1.000000" m_b="0.000000" m_c="0.000000" m_d="1.000000" m_tx="-79.000000" m_ty="-79.000000"/>
  </frame>
  <frame idx="900" w="175" h="175" x="1.000000" y="1.000000">
   <element name="symbol0" layername="aquarius" frame="0" z_index="2" m_a="1.000000" m_b="0.000000" m_c="0.000000" m_d="1.000000" m_tx="-79.000000" m_ty="-79.000000"/>
  </frame>
  <frame idx="925" w="175" h="175" x="1.000000" y="1.000000">
   <element name="symbol0" layername="aquarius" frame="0" z_index="2" m_a="1.000000" m_b="0.000000" m_c="0.000000" m_d="1.000000" m_tx="-79.000000" m_ty="-79.000000"/>
  </frame>
  <frame idx="950" w="175" h="175" x="1.000000" y="1.000000">
   <element name="symbol0" layername="aquarius" frame="0" z_index="2" m_a="1.000000" m_b="0.000000" m_c="0.000000" m_d="1.000000" m_tx="-79.000000" m_ty="-79.000000"/>
  </frame>
  <frame idx="975" w="175" h="175" x="1.000000" y="1.000000">
   <element name="symbol0" layername="aquarius" frame="0" z_index="2" m_a="1.000000" m_b="0.000000" m_c="0.000000" m_d="1.000000" m_tx="-79.000000" m_ty="-79.000000"/>
  </frame>
 </anim>
 <anim name="idle" root="aries" numframes="1000" framerate="40">
  <frame idx="0" w="175" h="176" x="1.000000" y="0.000000">
   <element name="symbol0" layername="aries" frame="1" z_index="2" m_a="1.000000" m_b="0.000000" m_c="0.000000" m_d="1.000000" m_tx="-79.000000" m_ty="-80.000000"/>
  </frame>
  <frame idx="25" w="175" h="176" x="1.000000" y="0.000000">
   <element name="symbol0" layername="aries" frame="1" z_index="2" m_a="1.000000" m_b="0.000000" m_c="0.000000" m_d="1.000000" m_tx="-79.000000" m_ty="-80.000000"/>
  </frame>
  <frame idx="50" w="175" h="176" x="1.000000" y="0.000000">
   <element name="symbol0" layername="aries" frame="1" z_index="2" m_a="1.000000" m_b="0.000000" m_c="0.000000" m_d="1.000000" m_tx="-79.000000" m_ty="-80.000000"/>
  </frame>
  <frame idx="75" w="175" h="176" x="1.000000" y="0.000000">
   <element name="symbol0" layername="aries" frame="1" z_index="2" m_a="1.000000" m_b="0.000000" m_c="0.000000" m_d="1.000000" m_tx="-79.000000" m_ty="-80.000000"/>
  </frame>
  <frame idx="100" w="175" h="176" x="1.000000" y="0.000000">
   <element name="symbol0" layername="aries" frame="1" z_index="2" m_a="1.000000" m_b="0.000000" m_c="0.000000" m_d="1.000000" m_tx="-79.000000" m_ty="-80.000000"/>
  </frame>
  <frame idx="125" w="175" h="176" x="1.000000" y="0.000000">
   <element name="symbol0" layername="aries" frame="1" z_index="2" m_a="1.000000" m_b="0.000000" m_c="0.000000" m_d="1.000000" m_tx="-79.000000" m_ty="-80.000000"/>
  </frame>
  <frame idx="150" w="175" h="176" x="1.000000" y="0.000000">
   <element name="symbol0" layername="aries" frame="1" z_index="2" m_a="1.000000" m_b="0.000000" m_c="0.000000" m_d="1.000000" m_tx="-79.000000" m_ty="-80.000000"/>
  </frame>
  <frame idx="175" w="175" h="176" x="1.000000" y="0.000000">
   <element name="symbol0" layername="aries" frame="1" z_index="2" m_a="1.000000" m_b="0.000000" m_c="0.000000" m_d="1.000000" m_tx="-79.000000" m_ty="-80.000000"/>
  </frame>
  <frame idx="200" w="175" h="176" x="1.000000" y="0.000000">
   <element name="symbol0" layername="aries" frame="1" z_index="2" m_a="1.000000" m_b="0.000000" m_c="0.000000" m_d="1.000000" m_tx="-79.000000" m_ty="-80.000000"/>
  </frame>
  <frame idx="225" w="175" h="176" x="1.000000" y="0.000000">
   <element name="symbol0" layername="aries" frame="1" z_index="2" m_a="1.000000" m_b="0.000000" m_c="0.000000" m_d="1.000000" m_tx="-79.000000" m_ty="-80.000000"/>
  </frame>
  <frame idx="250" w="175" h="176" x="1.000000" y="0.000000">
   <element name="symbol0" layername="aries" frame="1" z_index="2" m_a="1.000000" m_b="0.000000" m_c="0.000000" m_d="1.000000" m_tx="-79.000000" m_ty="-80.000000"/>
  </frame>
  <frame idx="275" w="175" h="176" x="1.000000" y="0.000000">
   <element name="symbol0" layername="aries" frame="1" z_index="2" m_a="1.000000" m_b="0.000000" m_c="0.000000" m_d="1.000000" m_tx="-79.000000" m_ty="-80.000000"/>
  </frame>
  <frame idx="300" w="175" h="176" x="1.000000" y="0.000000">
   <element name="symbol0" layername="aries" frame="1" z_index="2" m_a="1.000000" m_b="0.000000" m_c="0.000000" m_d="1.000000" m_tx="-79.000000" m_ty="-80.000000"/>
  </frame>
  <frame idx="325" w="175" h="176" x="1.000000" y="0.000000">
   <element name="symbol0" layername="aries" frame="1" z_index="2" m_a="1.000000" m_b="0.000000" m_c="0.000000" m_d="1.000000" m_tx="-79.000000" m_ty="-80.000000"/>
  </frame>
  <frame idx="350" w="175" h="176" x="1.000000" y="0.000000">
   <element name="symbol0" layername="aries" frame="1" z_index="2" m_a="1.000000" m_b="0.000000" m_c="0.000000" m_d="1.000000" m_tx="-79.000000" m_ty="-80.000000"/>
  </frame>
  <frame idx="375" w="175" h="176" x="1.000000" y="0.000000">
   <element name="symbol0" layername="aries" frame="1" z_index="2" m_a="1.000000" m_b="0.000000" m_c="0.000000" m_d="1.000000" m_tx="-79.000000" m_ty="-80.000000"/>
  </frame>
  <frame idx="400" w="175" h="176" x="1.000000" y="0.000000">
   <element name="symbol0" layername="aries" frame="1" z_index="2" m_a="1.000000" m_b="0.000000" m_c="0.000000" m_d="1.000000" m_tx="-79.000000" m_ty="-80.000000"/>
  </frame>
  <frame idx="425" w="175" h="176" x="1.000000" y="0.000000">
   <element name="symbol0" layername="aries" frame="1" z_index="2" m_a="1.000000" m_b="0.000000" m_c="0.000000" m_d="1.000000" m_tx="-79.000000" m_ty="-80.000000"/>
  </frame>
  <frame idx="450" w="175" h="176" x="1.000000" y="0.000000">
   <element name="symbol0" layername="aries" frame="1" z_index="2" m_a="1.000000" m_b="0.000000" m_c="0.000000" m_d="1.000000" m_tx="-79.000000" m_ty="-80.000000"/>
  </frame>
  <frame idx="475" w="175" h="176" x="1.000000" y="0.000000">
   <element name="symbol0" layername="aries" frame="1" z_index="2" m_a="1.000000" m_b="0.000000" m_c="0.000000" m_d="1.000000" m_tx="-79.000000" m_ty="-80.000000"/>
  </frame>
  <frame idx="500" w="175" h="176" x="1.000000" y="0.000000">
   <element name="symbol0" layername="aries" frame="1" z_index="2" m_a="1.000000" m_b="0.000000" m_c="0.000000" m_d="1.000000" m_tx="-79.000000" m_ty="-80.000000"/>
  </frame>
  <frame idx="525" w="175" h="176" x="1.000000" y="0.000000">
   <element name="symbol0" layername="aries" frame="1" z_index="2" m_a="1.000000" m_b="0.000000" m_c="0.000000" m_d="1.000000" m_tx="-79.000000" m_ty="-80.000000"/>
  </frame>
  <frame idx="550" w="175" h="176" x="1.000000" y="0.000000">
   <element name="symbol0" layername="aries" frame="1" z_index="2" m_a="1.000000" m_b="0.000000" m_c="0.000000" m_d="1.000000" m_tx="-79.000000" m_ty="-80.000000"/>
  </frame>
  <frame idx="575" w="175" h="176" x="1.000000" y="0.000000">
   <element name="symbol0" layername="aries" frame="1" z_index="2" m_a="1.000000" m_b="0.000000" m_c="0.000000" m_d="1.000000" m_tx="-79.000000" m_ty="-80.000000"/>
  </frame>
  <frame idx="600" w="175" h="176" x="1.000000" y="0.000000">
   <element name="symbol0" layername="aries" frame="1" z_index="2" m_a="1.000000" m_b="0.000000" m_c="0.000000" m_d="1.000000" m_tx="-79.000000" m_ty="-80.000000"/>
  </frame>
  <frame idx="625" w="175" h="176" x="1.000000" y="0.000000">
   <element name="symbol0" layername="aries" frame="1" z_index="2" m_a="1.000000" m_b="0.000000" m_c="0.000000" m_d="1.000000" m_tx="-79.000000" m_ty="-80.000000"/>
  </frame>
  <frame idx="650" w="175" h="176" x="1.000000" y="0.000000">
   <element name="symbol0" layername="aries" frame="1" z_index="2" m_a="1.000000" m_b="0.000000" m_c="0.000000" m_d="1.000000" m_tx="-79.000000" m_ty="-80.000000"/>
  </frame>
  <frame idx="675" w="175" h="176" x="1.000000" y="0.000000">
   <element name="symbol0" layername="aries" frame="1" z_index="2" m_a="1.000000" m_b="0.000000" m_c="0.000000" m_d="1.000000" m_tx="-79.000000" m_ty="-80.000000"/>
  </frame>
  <frame idx="700" w="175" h="176" x="1.000000" y="0.000000">
   <element name="symbol0" layername="aries" frame="1" z_index="2" m_a="1.000000" m_b="0.000000" m_c="0.000000" m_d="1.000000" m_tx="-79.000000" m_ty="-80.000000"/>
  </frame>
  <frame idx="725" w="175" h="176" x="1.000000" y="0.000000">
   <element name="symbol0" layername="aries" frame="1" z_index="2" m_a="1.000000" m_b="0.000000" m_c="0.000000" m_d="1.000000" m_tx="-79.000000" m_ty="-80.000000"/>
  </frame>
  <frame idx="750" w="175" h="176" x="1.000000" y="0.000000">
   <element name="symbol0" layername="aries" frame="1" z_index="2" m_a="1.000000" m_b="0.000000" m_c="0.000000" m_d="1.000000" m_tx="-79.000000" m_ty="-80.000000"/>
  </frame>
  <frame idx="775" w="175" h="176" x="1.000000" y="0.000000">
   <element name="symbol0" layername="aries" frame="1" z_index="2" m_a="1.000000" m_b="0.000000" m_c="0.000000" m_d="1.000000" m_tx="-79.000000" m_ty="-80.000000"/>
  </frame>
  <frame idx="800" w="175" h="176" x="1.000000" y="0.000000">
   <element name="symbol0" layername="aries" frame="1" z_index="2" m_a="1.000000" m_b="0.000000" m_c="0.000000" m_d="1.000000" m_tx="-79.000000" m_ty="-80.000000"/>
  </frame>
  <frame idx="825" w="175" h="176" x="1.000000" y="0.000000">
   <element name="symbol0" layername="aries" frame="1" z_index="2" m_a="1.000000" m_b="0.000000" m_c="0.000000" m_d="1.000000" m_tx="-79.000000" m_ty="-80.000000"/>
  </frame>
  <frame idx="850" w="175" h="176" x="1.000000" y="0.000000">
   <element name="symbol0" layername="aries" frame="1" z_index="2" m_a="1.000000" m_b="0.000000" m_c="0.000000" m_d="1.000000" m_tx="-79.000000" m_ty="-80.000000"/>
  </frame>
  <frame idx="875" w="175" h="176" x="1.000000" y="0.000000">
   <element name="symbol0" layername="aries" frame="1" z_index="2" m_a="1.000000" m_b="0.000000" m_c="0.000000" m_d="1.000000" m_tx="-79.000000" m_ty="-80.000000"/>
  </frame>
  <frame idx="900" w="175" h="176" x="1.000000" y="0.000000">
   <element name="symbol0" layername="aries" frame="1" z_index="2" m_a="1.000000" m_b="0.000000" m_c="0.000000" m_d="1.000000" m_tx="-79.000000" m_ty="-80.000000"/>
  </frame>
  <frame idx="925" w="175" h="176" x="1.000000" y="0.000000">
   <element name="symbol0" layername="aries" frame="1" z_index="2" m_a="1.000000" m_b="0.000000" m_c="0.000000" m_d="1.000000" m_tx="-79.000000" m_ty="-80.000000"/>
  </frame>
  <frame idx="950" w="175" h="176" x="1.000000" y="0.000000">
   <element name="symbol0" layername="aries" frame="1" z_index="2" m_a="1.000000" m_b="0.000000" m_c="0.000000" m_d="1.000000" m_tx="-79.000000" m_ty="-80.000000"/>
  </frame>
  <frame idx="975" w="175" h="176" x="1.000000" y="0.000000">
   <element name="symbol0" layername="aries" frame="1" z_index="2" m_a="1.000000" m_b="0.000000" m_c="0.000000" m_d="1.000000" m_tx="-79.000000" m_ty="-80.000000"/>
  </frame>
 </anim>
</Anims>
