<Anims>
 <anim name="glow" root="tent2" numframes="1000" framerate="40">
  <frame idx="0" w="973" h="1338" x="-81.681824" y="-416.227295">
   <element name="symbol0" layername="tent2_glow" frame="1" z_index="2" m_a="1.000000" m_b="0.000000" m_c="0.000000" m_d="1.000000" m_tx="-405.181824" m_ty="-709.727295"/>
  </frame>
  <frame idx="25" w="973" h="1338" x="-81.681824" y="-416.227295">
   <element name="symbol0" layername="tent2_glow" frame="1" z_index="2" m_a="1.000000" m_b="0.000000" m_c="0.000000" m_d="1.000000" m_tx="-405.181824" m_ty="-709.727295"/>
  </frame>
  <frame idx="50" w="973" h="1338" x="-81.681824" y="-416.227295">
   <element name="symbol0" layername="tent2_glow" frame="1" z_index="2" m_a="1.000000" m_b="0.000000" m_c="0.000000" m_d="1.000000" m_tx="-405.181824" m_ty="-709.727295"/>
  </frame>
  <frame idx="75" w="973" h="1338" x="-81.681824" y="-416.227295">
   <element name="symbol0" layername="tent2_glow" frame="1" z_index="2" m_a="1.000000" m_b="0.000000" m_c="0.000000" m_d="1.000000" m_tx="-405.181824" m_ty="-709.727295"/>
  </frame>
  <frame idx="100" w="973" h="1338" x="-81.681824" y="-416.227295">
   <element name="symbol0" layername="tent2_glow" frame="1" z_index="2" m_a="1.000000" m_b="0.000000" m_c="0.000000" m_d="1.000000" m_tx="-405.181824" m_ty="-709.727295"/>
  </frame>
  <frame idx="125" w="973" h="1338" x="-81.681824" y="-416.227295">
   <element name="symbol0" layername="tent2_glow" frame="1" z_index="2" m_a="1.000000" m_b="0.000000" m_c="0.000000" m_d="1.000000" m_tx="-405.181824" m_ty="-709.727295"/>
  </frame>
  <frame idx="150" w="973" h="1338" x="-81.681824" y="-416.227295">
   <element name="symbol0" layername="tent2_glow" frame="1" z_index="2" m_a="1.000000" m_b="0.000000" m_c="0.000000" m_d="1.000000" m_tx="-405.181824" m_ty="-709.727295"/>
  </frame>
  <frame idx="175" w="973" h="1338" x="-81.681824" y="-416.227295">
   <element name="symbol0" layername="tent2_glow" frame="1" z_index="2" m_a="1.000000" m_b="0.000000" m_c="0.000000" m_d="1.000000" m_tx="-405.181824" m_ty="-709.727295"/>
  </frame>
  <frame idx="200" w="973" h="1338" x="-81.681824" y="-416.227295">
   <element name="symbol0" layername="tent2_glow" frame="1" z_index="2" m_a="1.000000" m_b="0.000000" m_c="0.000000" m_d="1.000000" m_tx="-405.181824" m_ty="-709.727295"/>
  </frame>
  <frame idx="225" w="973" h="1338" x="-81.681824" y="-416.227295">
   <element name="symbol0" layername="tent2_glow" frame="1" z_index="2" m_a="1.000000" m_b="0.000000" m_c="0.000000" m_d="1.000000" m_tx="-405.181824" m_ty="-709.727295"/>
  </frame>
  <frame idx="250" w="973" h="1338" x="-81.681824" y="-416.227295">
   <element name="symbol0" layername="tent2_glow" frame="1" z_index="2" m_a="1.000000" m_b="0.000000" m_c="0.000000" m_d="1.000000" m_tx="-405.181824" m_ty="-709.727295"/>
  </frame>
  <frame idx="275" w="973" h="1338" x="-81.681824" y="-416.227295">
   <element name="symbol0" layername="tent2_glow" frame="1" z_index="2" m_a="1.000000" m_b="0.000000" m_c="0.000000" m_d="1.000000" m_tx="-405.181824" m_ty="-709.727295"/>
  </frame>
  <frame idx="300" w="973" h="1338" x="-81.681824" y="-416.227295">
   <element name="symbol0" layername="tent2_glow" frame="1" z_index="2" m_a="1.000000" m_b="0.000000" m_c="0.000000" m_d="1.000000" m_tx="-405.181824" m_ty="-709.727295"/>
  </frame>
  <frame idx="325" w="973" h="1338" x="-81.681824" y="-416.227295">
   <element name="symbol0" layername="tent2_glow" frame="1" z_index="2" m_a="1.000000" m_b="0.000000" m_c="0.000000" m_d="1.000000" m_tx="-405.181824" m_ty="-709.727295"/>
  </frame>
  <frame idx="350" w="973" h="1338" x="-81.681824" y="-416.227295">
   <element name="symbol0" layername="tent2_glow" frame="1" z_index="2" m_a="1.000000" m_b="0.000000" m_c="0.000000" m_d="1.000000" m_tx="-405.181824" m_ty="-709.727295"/>
  </frame>
  <frame idx="375" w="973" h="1338" x="-81.681824" y="-416.227295">
   <element name="symbol0" layername="tent2_glow" frame="1" z_index="2" m_a="1.000000" m_b="0.000000" m_c="0.000000" m_d="1.000000" m_tx="-405.181824" m_ty="-709.727295"/>
  </frame>
  <frame idx="400" w="973" h="1338" x="-81.681824" y="-416.227295">
   <element name="symbol0" layername="tent2_glow" frame="1" z_index="2" m_a="1.000000" m_b="0.000000" m_c="0.000000" m_d="1.000000" m_tx="-405.181824" m_ty="-709.727295"/>
  </frame>
  <frame idx="425" w="973" h="1338" x="-81.681824" y="-416.227295">
   <element name="symbol0" layername="tent2_glow" frame="1" z_index="2" m_a="1.000000" m_b="0.000000" m_c="0.000000" m_d="1.000000" m_tx="-405.181824" m_ty="-709.727295"/>
  </frame>
  <frame idx="450" w="973" h="1338" x="-81.681824" y="-416.227295">
   <element name="symbol0" layername="tent2_glow" frame="1" z_index="2" m_a="1.000000" m_b="0.000000" m_c="0.000000" m_d="1.000000" m_tx="-405.181824" m_ty="-709.727295"/>
  </frame>
  <frame idx="475" w="973" h="1338" x="-81.681824" y="-416.227295">
   <element name="symbol0" layername="tent2_glow" frame="1" z_index="2" m_a="1.000000" m_b="0.000000" m_c="0.000000" m_d="1.000000" m_tx="-405.181824" m_ty="-709.727295"/>
  </frame>
  <frame idx="500" w="973" h="1338" x="-81.681824" y="-416.227295">
   <element name="symbol0" layername="tent2_glow" frame="1" z_index="2" m_a="1.000000" m_b="0.000000" m_c="0.000000" m_d="1.000000" m_tx="-405.181824" m_ty="-709.727295"/>
  </frame>
  <frame idx="525" w="973" h="1338" x="-81.681824" y="-416.227295">
   <element name="symbol0" layername="tent2_glow" frame="1" z_index="2" m_a="1.000000" m_b="0.000000" m_c="0.000000" m_d="1.000000" m_tx="-405.181824" m_ty="-709.727295"/>
  </frame>
  <frame idx="550" w="973" h="1338" x="-81.681824" y="-416.227295">
   <element name="symbol0" layername="tent2_glow" frame="1" z_index="2" m_a="1.000000" m_b="0.000000" m_c="0.000000" m_d="1.000000" m_tx="-405.181824" m_ty="-709.727295"/>
  </frame>
  <frame idx="575" w="973" h="1338" x="-81.681824" y="-416.227295">
   <element name="symbol0" layername="tent2_glow" frame="1" z_index="2" m_a="1.000000" m_b="0.000000" m_c="0.000000" m_d="1.000000" m_tx="-405.181824" m_ty="-709.727295"/>
  </frame>
  <frame idx="600" w="973" h="1338" x="-81.681824" y="-416.227295">
   <element name="symbol0" layername="tent2_glow" frame="1" z_index="2" m_a="1.000000" m_b="0.000000" m_c="0.000000" m_d="1.000000" m_tx="-405.181824" m_ty="-709.727295"/>
  </frame>
  <frame idx="625" w="973" h="1338" x="-81.681824" y="-416.227295">
   <element name="symbol0" layername="tent2_glow" frame="1" z_index="2" m_a="1.000000" m_b="0.000000" m_c="0.000000" m_d="1.000000" m_tx="-405.181824" m_ty="-709.727295"/>
  </frame>
  <frame idx="650" w="973" h="1338" x="-81.681824" y="-416.227295">
   <element name="symbol0" layername="tent2_glow" frame="1" z_index="2" m_a="1.000000" m_b="0.000000" m_c="0.000000" m_d="1.000000" m_tx="-405.181824" m_ty="-709.727295"/>
  </frame>
  <frame idx="675" w="973" h="1338" x="-81.681824" y="-416.227295">
   <element name="symbol0" layername="tent2_glow" frame="1" z_index="2" m_a="1.000000" m_b="0.000000" m_c="0.000000" m_d="1.000000" m_tx="-405.181824" m_ty="-709.727295"/>
  </frame>
  <frame idx="700" w="973" h="1338" x="-81.681824" y="-416.227295">
   <element name="symbol0" layername="tent2_glow" frame="1" z_index="2" m_a="1.000000" m_b="0.000000" m_c="0.000000" m_d="1.000000" m_tx="-405.181824" m_ty="-709.727295"/>
  </frame>
  <frame idx="725" w="973" h="1338" x="-81.681824" y="-416.227295">
   <element name="symbol0" layername="tent2_glow" frame="1" z_index="2" m_a="1.000000" m_b="0.000000" m_c="0.000000" m_d="1.000000" m_tx="-405.181824" m_ty="-709.727295"/>
  </frame>
  <frame idx="750" w="973" h="1338" x="-81.681824" y="-416.227295">
   <element name="symbol0" layername="tent2_glow" frame="1" z_index="2" m_a="1.000000" m_b="0.000000" m_c="0.000000" m_d="1.000000" m_tx="-405.181824" m_ty="-709.727295"/>
  </frame>
  <frame idx="775" w="973" h="1338" x="-81.681824" y="-416.227295">
   <element name="symbol0" layername="tent2_glow" frame="1" z_index="2" m_a="1.000000" m_b="0.000000" m_c="0.000000" m_d="1.000000" m_tx="-405.181824" m_ty="-709.727295"/>
  </frame>
  <frame idx="800" w="973" h="1338" x="-81.681824" y="-416.227295">
   <element name="symbol0" layername="tent2_glow" frame="1" z_index="2" m_a="1.000000" m_b="0.000000" m_c="0.000000" m_d="1.000000" m_tx="-405.181824" m_ty="-709.727295"/>
  </frame>
  <frame idx="825" w="973" h="1338" x="-81.681824" y="-416.227295">
   <element name="symbol0" layername="tent2_glow" frame="1" z_index="2" m_a="1.000000" m_b="0.000000" m_c="0.000000" m_d="1.000000" m_tx="-405.181824" m_ty="-709.727295"/>
  </frame>
  <frame idx="850" w="973" h="1338" x="-81.681824" y="-416.227295">
   <element name="symbol0" layername="tent2_glow" frame="1" z_index="2" m_a="1.000000" m_b="0.000000" m_c="0.000000" m_d="1.000000" m_tx="-405.181824" m_ty="-709.727295"/>
  </frame>
  <frame idx="875" w="973" h="1338" x="-81.681824" y="-416.227295">
   <element name="symbol0" layername="tent2_glow" frame="1" z_index="2" m_a="1.000000" m_b="0.000000" m_c="0.000000" m_d="1.000000" m_tx="-405.181824" m_ty="-709.727295"/>
  </frame>
  <frame idx="900" w="973" h="1338" x="-81.681824" y="-416.227295">
   <element name="symbol0" layername="tent2_glow" frame="1" z_index="2" m_a="1.000000" m_b="0.000000" m_c="0.000000" m_d="1.000000" m_tx="-405.181824" m_ty="-709.727295"/>
  </frame>
  <frame idx="925" w="973" h="1338" x="-81.681824" y="-416.227295">
   <element name="symbol0" layername="tent2_glow" frame="1" z_index="2" m_a="1.000000" m_b="0.000000" m_c="0.000000" m_d="1.000000" m_tx="-405.181824" m_ty="-709.727295"/>
  </frame>
  <frame idx="950" w="973" h="1338" x="-81.681824" y="-416.227295">
   <element name="symbol0" layername="tent2_glow" frame="1" z_index="2" m_a="1.000000" m_b="0.000000" m_c="0.000000" m_d="1.000000" m_tx="-405.181824" m_ty="-709.727295"/>
  </frame>
  <frame idx="975" w="973" h="1338" x="-81.681824" y="-416.227295">
   <element name="symbol0" layername="tent2_glow" frame="1" z_index="2" m_a="1.000000" m_b="0.000000" m_c="0.000000" m_d="1.000000" m_tx="-405.181824" m_ty="-709.727295"/>
  </frame>
 </anim>
 <anim name="idle" root="tent2" numframes="1000" framerate="40">
  <frame idx="0" w="973" h="1338" x="-81.681824" y="-416.227295">
   <element name="symbol0" layername="tent2" frame="0" z_index="2" m_a="1.000000" m_b="0.000000" m_c="0.000000" m_d="1.000000" m_tx="-405.181824" m_ty="-709.727295"/>
  </frame>
  <frame idx="25" w="973" h="1338" x="-81.681824" y="-416.227295">
   <element name="symbol0" layername="tent2" frame="0" z_index="2" m_a="1.000000" m_b="0.000000" m_c="0.000000" m_d="1.000000" m_tx="-405.181824" m_ty="-709.727295"/>
  </frame>
  <frame idx="50" w="973" h="1338" x="-81.681824" y="-416.227295">
   <element name="symbol0" layername="tent2" frame="0" z_index="2" m_a="1.000000" m_b="0.000000" m_c="0.000000" m_d="1.000000" m_tx="-405.181824" m_ty="-709.727295"/>
  </frame>
  <frame idx="75" w="973" h="1338" x="-81.681824" y="-416.227295">
   <element name="symbol0" layername="tent2" frame="0" z_index="2" m_a="1.000000" m_b="0.000000" m_c="0.000000" m_d="1.000000" m_tx="-405.181824" m_ty="-709.727295"/>
  </frame>
  <frame idx="100" w="973" h="1338" x="-81.681824" y="-416.227295">
   <element name="symbol0" layername="tent2" frame="0" z_index="2" m_a="1.000000" m_b="0.000000" m_c="0.000000" m_d="1.000000" m_tx="-405.181824" m_ty="-709.727295"/>
  </frame>
  <frame idx="125" w="973" h="1338" x="-81.681824" y="-416.227295">
   <element name="symbol0" layername="tent2" frame="0" z_index="2" m_a="1.000000" m_b="0.000000" m_c="0.000000" m_d="1.000000" m_tx="-405.181824" m_ty="-709.727295"/>
  </frame>
  <frame idx="150" w="973" h="1338" x="-81.681824" y="-416.227295">
   <element name="symbol0" layername="tent2" frame="0" z_index="2" m_a="1.000000" m_b="0.000000" m_c="0.000000" m_d="1.000000" m_tx="-405.181824" m_ty="-709.727295"/>
  </frame>
  <frame idx="175" w="973" h="1338" x="-81.681824" y="-416.227295">
   <element name="symbol0" layername="tent2" frame="0" z_index="2" m_a="1.000000" m_b="0.000000" m_c="0.000000" m_d="1.000000" m_tx="-405.181824" m_ty="-709.727295"/>
  </frame>
  <frame idx="200" w="973" h="1338" x="-81.681824" y="-416.227295">
   <element name="symbol0" layername="tent2" frame="0" z_index="2" m_a="1.000000" m_b="0.000000" m_c="0.000000" m_d="1.000000" m_tx="-405.181824" m_ty="-709.727295"/>
  </frame>
  <frame idx="225" w="973" h="1338" x="-81.681824" y="-416.227295">
   <element name="symbol0" layername="tent2" frame="0" z_index="2" m_a="1.000000" m_b="0.000000" m_c="0.000000" m_d="1.000000" m_tx="-405.181824" m_ty="-709.727295"/>
  </frame>
  <frame idx="250" w="973" h="1338" x="-81.681824" y="-416.227295">
   <element name="symbol0" layername="tent2" frame="0" z_index="2" m_a="1.000000" m_b="0.000000" m_c="0.000000" m_d="1.000000" m_tx="-405.181824" m_ty="-709.727295"/>
  </frame>
  <frame idx="275" w="973" h="1338" x="-81.681824" y="-416.227295">
   <element name="symbol0" layername="tent2" frame="0" z_index="2" m_a="1.000000" m_b="0.000000" m_c="0.000000" m_d="1.000000" m_tx="-405.181824" m_ty="-709.727295"/>
  </frame>
  <frame idx="300" w="973" h="1338" x="-81.681824" y="-416.227295">
   <element name="symbol0" layername="tent2" frame="0" z_index="2" m_a="1.000000" m_b="0.000000" m_c="0.000000" m_d="1.000000" m_tx="-405.181824" m_ty="-709.727295"/>
  </frame>
  <frame idx="325" w="973" h="1338" x="-81.681824" y="-416.227295">
   <element name="symbol0" layername="tent2" frame="0" z_index="2" m_a="1.000000" m_b="0.000000" m_c="0.000000" m_d="1.000000" m_tx="-405.181824" m_ty="-709.727295"/>
  </frame>
  <frame idx="350" w="973" h="1338" x="-81.681824" y="-416.227295">
   <element name="symbol0" layername="tent2" frame="0" z_index="2" m_a="1.000000" m_b="0.000000" m_c="0.000000" m_d="1.000000" m_tx="-405.181824" m_ty="-709.727295"/>
  </frame>
  <frame idx="375" w="973" h="1338" x="-81.681824" y="-416.227295">
   <element name="symbol0" layername="tent2" frame="0" z_index="2" m_a="1.000000" m_b="0.000000" m_c="0.000000" m_d="1.000000" m_tx="-405.181824" m_ty="-709.727295"/>
  </frame>
  <frame idx="400" w="973" h="1338" x="-81.681824" y="-416.227295">
   <element name="symbol0" layername="tent2" frame="0" z_index="2" m_a="1.000000" m_b="0.000000" m_c="0.000000" m_d="1.000000" m_tx="-405.181824" m_ty="-709.727295"/>
  </frame>
  <frame idx="425" w="973" h="1338" x="-81.681824" y="-416.227295">
   <element name="symbol0" layername="tent2" frame="0" z_index="2" m_a="1.000000" m_b="0.000000" m_c="0.000000" m_d="1.000000" m_tx="-405.181824" m_ty="-709.727295"/>
  </frame>
  <frame idx="450" w="973" h="1338" x="-81.681824" y="-416.227295">
   <element name="symbol0" layername="tent2" frame="0" z_index="2" m_a="1.000000" m_b="0.000000" m_c="0.000000" m_d="1.000000" m_tx="-405.181824" m_ty="-709.727295"/>
  </frame>
  <frame idx="475" w="973" h="1338" x="-81.681824" y="-416.227295">
   <element name="symbol0" layername="tent2" frame="0" z_index="2" m_a="1.000000" m_b="0.000000" m_c="0.000000" m_d="1.000000" m_tx="-405.181824" m_ty="-709.727295"/>
  </frame>
  <frame idx="500" w="973" h="1338" x="-81.681824" y="-416.227295">
   <element name="symbol0" layername="tent2" frame="0" z_index="2" m_a="1.000000" m_b="0.000000" m_c="0.000000" m_d="1.000000" m_tx="-405.181824" m_ty="-709.727295"/>
  </frame>
  <frame idx="525" w="973" h="1338" x="-81.681824" y="-416.227295">
   <element name="symbol0" layername="tent2" frame="0" z_index="2" m_a="1.000000" m_b="0.000000" m_c="0.000000" m_d="1.000000" m_tx="-405.181824" m_ty="-709.727295"/>
  </frame>
  <frame idx="550" w="973" h="1338" x="-81.681824" y="-416.227295">
   <element name="symbol0" layername="tent2" frame="0" z_index="2" m_a="1.000000" m_b="0.000000" m_c="0.000000" m_d="1.000000" m_tx="-405.181824" m_ty="-709.727295"/>
  </frame>
  <frame idx="575" w="973" h="1338" x="-81.681824" y="-416.227295">
   <element name="symbol0" layername="tent2" frame="0" z_index="2" m_a="1.000000" m_b="0.000000" m_c="0.000000" m_d="1.000000" m_tx="-405.181824" m_ty="-709.727295"/>
  </frame>
  <frame idx="600" w="973" h="1338" x="-81.681824" y="-416.227295">
   <element name="symbol0" layername="tent2" frame="0" z_index="2" m_a="1.000000" m_b="0.000000" m_c="0.000000" m_d="1.000000" m_tx="-405.181824" m_ty="-709.727295"/>
  </frame>
  <frame idx="625" w="973" h="1338" x="-81.681824" y="-416.227295">
   <element name="symbol0" layername="tent2" frame="0" z_index="2" m_a="1.000000" m_b="0.000000" m_c="0.000000" m_d="1.000000" m_tx="-405.181824" m_ty="-709.727295"/>
  </frame>
  <frame idx="650" w="973" h="1338" x="-81.681824" y="-416.227295">
   <element name="symbol0" layername="tent2" frame="0" z_index="2" m_a="1.000000" m_b="0.000000" m_c="0.000000" m_d="1.000000" m_tx="-405.181824" m_ty="-709.727295"/>
  </frame>
  <frame idx="675" w="973" h="1338" x="-81.681824" y="-416.227295">
   <element name="symbol0" layername="tent2" frame="0" z_index="2" m_a="1.000000" m_b="0.000000" m_c="0.000000" m_d="1.000000" m_tx="-405.181824" m_ty="-709.727295"/>
  </frame>
  <frame idx="700" w="973" h="1338" x="-81.681824" y="-416.227295">
   <element name="symbol0" layername="tent2" frame="0" z_index="2" m_a="1.000000" m_b="0.000000" m_c="0.000000" m_d="1.000000" m_tx="-405.181824" m_ty="-709.727295"/>
  </frame>
  <frame idx="725" w="973" h="1338" x="-81.681824" y="-416.227295">
   <element name="symbol0" layername="tent2" frame="0" z_index="2" m_a="1.000000" m_b="0.000000" m_c="0.000000" m_d="1.000000" m_tx="-405.181824" m_ty="-709.727295"/>
  </frame>
  <frame idx="750" w="973" h="1338" x="-81.681824" y="-416.227295">
   <element name="symbol0" layername="tent2" frame="0" z_index="2" m_a="1.000000" m_b="0.000000" m_c="0.000000" m_d="1.000000" m_tx="-405.181824" m_ty="-709.727295"/>
  </frame>
  <frame idx="775" w="973" h="1338" x="-81.681824" y="-416.227295">
   <element name="symbol0" layername="tent2" frame="0" z_index="2" m_a="1.000000" m_b="0.000000" m_c="0.000000" m_d="1.000000" m_tx="-405.181824" m_ty="-709.727295"/>
  </frame>
  <frame idx="800" w="973" h="1338" x="-81.681824" y="-416.227295">
   <element name="symbol0" layername="tent2" frame="0" z_index="2" m_a="1.000000" m_b="0.000000" m_c="0.000000" m_d="1.000000" m_tx="-405.181824" m_ty="-709.727295"/>
  </frame>
  <frame idx="825" w="973" h="1338" x="-81.681824" y="-416.227295">
   <element name="symbol0" layername="tent2" frame="0" z_index="2" m_a="1.000000" m_b="0.000000" m_c="0.000000" m_d="1.000000" m_tx="-405.181824" m_ty="-709.727295"/>
  </frame>
  <frame idx="850" w="973" h="1338" x="-81.681824" y="-416.227295">
   <element name="symbol0" layername="tent2" frame="0" z_index="2" m_a="1.000000" m_b="0.000000" m_c="0.000000" m_d="1.000000" m_tx="-405.181824" m_ty="-709.727295"/>
  </frame>
  <frame idx="875" w="973" h="1338" x="-81.681824" y="-416.227295">
   <element name="symbol0" layername="tent2" frame="0" z_index="2" m_a="1.000000" m_b="0.000000" m_c="0.000000" m_d="1.000000" m_tx="-405.181824" m_ty="-709.727295"/>
  </frame>
  <frame idx="900" w="973" h="1338" x="-81.681824" y="-416.227295">
   <element name="symbol0" layername="tent2" frame="0" z_index="2" m_a="1.000000" m_b="0.000000" m_c="0.000000" m_d="1.000000" m_tx="-405.181824" m_ty="-709.727295"/>
  </frame>
  <frame idx="925" w="973" h="1338" x="-81.681824" y="-416.227295">
   <element name="symbol0" layername="tent2" frame="0" z_index="2" m_a="1.000000" m_b="0.000000" m_c="0.000000" m_d="1.000000" m_tx="-405.181824" m_ty="-709.727295"/>
  </frame>
  <frame idx="950" w="973" h="1338" x="-81.681824" y="-416.227295">
   <element name="symbol0" layername="tent2" frame="0" z_index="2" m_a="1.000000" m_b="0.000000" m_c="0.000000" m_d="1.000000" m_tx="-405.181824" m_ty="-709.727295"/>
  </frame>
  <frame idx="975" w="973" h="1338" x="-81.681824" y="-416.227295">
   <element name="symbol0" layername="tent2" frame="0" z_index="2" m_a="1.000000" m_b="0.000000" m_c="0.000000" m_d="1.000000" m_tx="-405.181824" m_ty="-709.727295"/>
  </frame>
 </anim>
</Anims>
